序号,动画,看完时间,第二次看完,状态,状态
1,CLANNAD,2021,,1,在看
2,小城日常,,,2,已看
3,地缚少年花子君 第二季,,,3,未看
4,凸变英雄X,,,3,未看
5,怪兽8号 第二季,,,3,未看
6,魔法少女小圆,2022,,2,已看
7,凡人修仙传,,,1,在看
8,明日方舟：焰烬曙明 中配版,,,,
9,百妖谱·洛阳篇,,,,
10,胆大党 第二季,,,,
11,Ｄｒ．ＳＴＯＮＥ 石纪元 (第四季),,,,
12,通灵妃 第二季,,,3,未看
13,盾之勇者成名录 第四季,,,3,未看
14,君有云 第二季,,,3,未看
15,碧蓝之海 第二季,,,3,未看
16,光死去的夏天,,,3,未看
17,名侦探柯南（中配）,,,1,在看
18,灵笼 第二季,,,1,在看
19,素描簿,2025/4/,,2,已看
20,某科学的超电磁炮T,,2025,2,已看
21,日常,2023,,2,已看
22,通灵妃,2022,,2,已看
23,轻音少女 第一季,2021,2025/8/16,2,已看
24,佐贺偶像是传奇 卷土重来,2022,,2,已看
25,苍兰诀,,,2,已看
26,时光代理人 第三季,2025,,2,已看
27,她不当女主很多年,2025,,2,已看
28,伪恋：,,,2,已看
29,赛马娘 芦毛灰姑娘,,,,
30,尸兄,2018,,2,已看
31,地下城与勇士之破界少女,Jul-25,,2,已看
32,那年那兔那些事儿 第七季,,,1,在看
33,青之驱魔师 终夜篇,Jul-25,,2,已看
34,鲲吞天下之掌门归来,Jul-25,,2,已看
35,少年歌行 血染天启篇,Jul-25,,2,已看
36,U探泰拉 中配版,,,,
37,请问您今天要来点兔子吗？BLOOM,2025/6/,,2,已看
38,猫咪日常,2025/,,2,已看
39,打了300年的史莱姆，不知不觉就练到了满级 第二季,,,3,未看
40,胆大党 中配版,,,3,未看
41,小市民系列,2025/,,2,已看
42,斩首循环 蓝色学者与戏言跟班,,,,
43,纳米核心 第三季（下篇）,20,,2,已看
44,勇者大冒险之黄泉手记,,,2,已看
45,降灵记,2017,,2,已看
46,纳米核心 第三季,2017,,2,已看
47,那年那兔那些事儿 番外篇,,,2,已看
48,凸变英雄 BABA,2017,,2,已看
49,热诚传说X,2017,,2,已看
50,四月是你的谎言 粤配版,,,1,在看
51,琴浦小姐,2025/4/,,2,已看
52,堀与宫村 中配版,,,2,已看
53,Little Busters! ～Refrain～,,,2,已看
54,纳米核心 精简版,,,2,已看
55,那年那兔那些事儿 第五季,,,2,已看
56,终将成为你,,,2,已看
57,狐妖小红娘,,,2,已看
58,重神机潘多拉（中配）,2018/,,2,已看
59,纳米学院,,,2,已看
60,凸变英雄 LEAF,2018,,2,已看
61,海岸线不污正业sp,2017,,2,已看
62,那年那兔那些事儿 第一季,2017,,2,已看
63,青之驱魔师 雪之尽头篇,2025/5/,,2,已看
64,镇魂街 第四季,2025/5/,,2,已看
65,前进吧！登山少女 第二季,2025/4/,,2,已看
66,中国古诗词动漫,201,,2,已看
67,城下町的蒲公英,2025,,2,已看
68,我独自升级 第二季 -起于暗影-,2025/4/,,2,已看
69,火凤燎原 第二季,2025/4/,,2,已看
70,邪神与厨二病少女,202,,2,已看
71,青之驱魔师 岛根启明结社篇,2025,,2,已看
72,摇曳露营 第三季,2024,,2,已看
73,灼眼的夏娜S,,,2,已看
74,灼眼的夏娜 剧场版,,,2,已看
75,真月谭月姬,2025/4/,,2,已看
76,尽管如此世界依然美丽,2025/4/,,2,已看
77,关于我转生变成史莱姆这档事 第三季,202,,2,已看
78,灼眼的夏娜炭,,,2,已看
79,灼眼的夏娜III -Final-,,,2,已看
80,灼眼的夏娜II -Second-,,,2,已看
81,在盛夏等待 特别篇,,,2,已看
82,夏目友人帐 第七季,25-Apr,,2,已看
83,剧场版 咒术回战 0,,,2,已看
84,魔法师的爱徒 / 魔法使的新娘 第二季,,,2,已看
85,无限滑板 特别篇,,,2,已看
86,枕刀歌之尘世行,2023,,2,已看
87,枕刀歌 第一季,2023,,2,已看
88,枕刀歌 第二季,2023,,2,已看
89,凹凸世界·Reborn,,,1,在看
90,请吃红小豆吧！食物世界 第一季,,,,
91,胶囊计划,,,,
92,胶囊计划 英雄,,,1,在看
93,百变小樱,,,1,在看
94,刀剑神域外传：暴风之铳 第二季,2024,,2,已看
95,物理魔法使-马修-,2025,,2,已看
96,物理魔法使-马修- 神觉者候选人选拔考试篇,2025,,2,已看
97,鹿乃子乃子乃子虎视眈眈,2025,,2,已看
98,史上最强弟子兼一,2017/,,2,已看
99,胆大党,2024,,2,已看
100,精灵幻想记 第二季,2024,,2,已看
101,7月22日,2025,,2,已看
102,吹响吧！上低音号 第三季,2025,,2,已看
103,少女乐队的呐喊,2024,,2,已看
104,坂道上的阿波罗,2025,,2,已看
105,三颗星彩色冒险,2025,,2,已看
106,仙王的日常生活 第五季,,,2,已看
107,斩服少女,2024,,2,已看
108,食草老龙被冠以恶龙之名 第二季,2024,,2,已看
109,中国奇谭2,,,2,已看
110,剑网3·沈剑心的365天,,,2,已看
111,LoveLive 爱与演唱会!超级明星!! 第二季,,,2,已看
112,黑执事 寄宿学校篇,,,2,已看
113,神之塔 王子的归来,2024,,2,已看
114,怪盗基德（中配）,,,2,已看
115,不存在的战区,2023,,2,已看
116,现实主义勇者的王国再建记,2025,,2,已看
117,苍翼默示录 Alter Memory,2025/,,2,已看
118,虚无边境,2024/11/26,,2,已看
119,英雄联盟：双城之战 第二季 中文配音,2025,,2,已看
120,若叶女孩,2024,,2,已看
121,只要贝尔哲布布大小姐喜欢就好,,,2,已看
122,变态王子与不笑猫,202,20225/7,2,已看
123,炼气练了3000年,2024,,2,已看
124,前进吧！登山少女,2024,,2,已看
125,白圣女与黑牧师,2023,,2,已看
126,伍六七之记忆碎片,2024,,2,已看
127,精灵幻想记,2024,,2,已看
128,永生,2024,,2,已看
129,樱花庄的宠物女孩,2024,,2,已看
130,赘婿 第二季,2025,,2,已看
131,擅长逃跑的殿下,2024,,2,已看
132,灵笼 第一季,2019,,2,已看
133,亚托莉 -我挚爱的时光-,2024,,2,已看
134,不时用俄语小声说真心话的邻桌艾莉同学,2024,,2,已看
135,英雄联盟：双城之战 中文配音,2023,,2,已看
136,英雄联盟：双城之战,2023,,2,已看
137,老夫老妻重返青春,2024,,2,已看
138,拜托了！双子星,2023,,2,已看
139,魔法少女与邪恶曾经敌对。,2024,,2,已看
140,六样情——《黑神话：悟空》章节动画原版合集,2024,,2,已看
141,悠哉日常大王 第三季,2025,,2,已看
142,"世界顶尖的暗杀者,转生为异世界贵族",2024,,2,已看
143,我的三体 第四季,2024,,2,已看
144,白色闪电,,,3,未看
145,风灵玉秀,2017,,2,已看
146,怪兽8号,2024,,2,已看
147,鬼灭之刃 柱训练篇,,,2,已看
148,夜晚的水母不会游泳,2024,,2,已看
149,间谍过家家 第二季 中配版,,,2,已看
150,时光代理人 第二季,2024,,2,已看
151,罗小黑战记,2017,,2,已看
152,欢迎光临樱兰高校,2023,,2,已看
153,落第骑士英雄谭,2024,,2,已看
154,迷宫饭,2024,,2,已看
155,阿诺德和他可爱的木偶们,2017,,2,已看
156,小药童也想修仙,2023,,2,已看
157,喜羊羊与灰太狼,2014,,2,已看
158,小绿和小蓝 第五季,2025/4/,,2,已看
159,百妖谱·司府篇,2024,,2,已看
160,亏成首富从游戏开始,2024,,2,已看
161,汉化日记 第四季,2024,,2,已看
162,青梅竹马绝对不会输的恋爱喜剧,2022,,2,已看
163,十二国记,,,2,已看
164,香格里拉边境,2024,,2,
165,昏行者 & 炫目篝火,2024,,2,
166,我独自升级,2025/4/,,2,
167,捕星司·源起,2024,,2,
168,少年歌行 海外仙山篇,2024,,2,
169,葬送的芙莉莲,2024,Jun-25,2,
170,剑网3·侠肝义胆沈剑心 第三季,2022,,2,
171,无脑魔女,2024,,2,
172,巴啦啦小魔仙之彩虹心石,,,2,
173,明日酱的水手服,2024,,2,
174,神薙,2024,,2,
175,核爆默示录,2023,,2,
176,灰与幻想的格林姆迦尔,2023,,2,
177,灰与幻想的格林姆迦尔 OVA,2023,,2,
178,天体的秩序,2024,,2,
179,少女手工,2024,,2,
180,西游记,,,2,
181,加速世界 Infinite Burst,2023,,2,
182,仙王的日常生活 第四季,2024,,2,
183,跟班×服务,2024,,2,
184,正经少主的幸福生活,2024,,2,
185,加速世界,2023,,2,
186,天体的秩序SP,2024,,2,
187,小绿和小蓝 第四季,2023,,2,
188,间谍过家家 第二季,2024,,2,
189,加速世界 OVA2 加速的顶点,2023,,2,
190,加速世界 OVA1 银翼的觉醒,2023,,2,
191,小加速世界,2023,,2,
192,凹凸世界 第四季,2022,,2,
193,命运拳台,2024,,2,
194,旅途危机！圣芙蕾雅号特别事件,2024,,2,
195,咒术回战 第二季,2024,,2,
196,地狱少女 宵伽,2024,,2,
197,绝园的暴风雨,2024,,2,
198,地狱少女 二笼,2024,,2,
199,地狱少女 三鼎,2024,,2,
200,地狱少女,2024,,2,
201,盾之勇者成名录 第三季,2024,,2,
202,未来都市No.6,2023,,2,
203,ACCA13区监察课－Regards,2023,,2,
204,ACCA13区监察课,2023,,2,
205,见面5秒开始战斗,2023,,2,
206,三十六骑,2024,,2,
207,×××HOLiC 继,2024,,2,
208,×××HOLiC 仲夏夜之梦,2024,,2,
209,×××HOLiC 笼 徒梦,2024,,2,
210,×××HOLiC 春梦记,2024,,2,
211,×××HOLiC 笼,2024,,2,
212,小刻的画图写话 中配版,,,2,
213,×××HOLiC,2024,,2,
214,键等学园/键等 第二季,2022,,2,
215,为美好的世界献上爆焰！,2023,,2,
216,赛马娘 第三季,2024,,2,
217,梦塔·雪谜城,2018,,2,
218,特别篇 吹响吧！上低音号～合奏比赛～,,,2,
219,小绿和小蓝 第三季,2023,,2,
220,刻刻,2023,,2,
221,Ｄｒ．ＳＴＯＮＥ 石纪元 (第三季),2023,,2,
222,猫之茗,2022,,2,
223,龙隐于雪,2022,,2,
224,永生之酒,2023,,2,
225,异空战歌,2023/12/3,,2,
226,异常生物见闻录 特别篇,2023,,2,
227,异常生物见闻录,2023,,2,
228,明日方舟：冬隐归路 中配版,2024,,2,
229,赛马娘 巅峰之路,,,2,
230,与变成了异世界美少女的好友一起冒险,,,2,
231,赘婿,,,2,
232,你真是个天才,,,2,
233,汉化日记 第二季,,,2,
234,妖精森林的小不点,,,2,
235,爱上她的理由,,,2,
236,镇魂街 第三季,,,2,
237,战千年,,,2,
238,无限滑板 / SK8 the Infinity,,,2,
239,端脑,,,2,
240,第一序列,,,2,
241,君有云,,,2,
242,火凤燎原,,,2,
243,区区不才，在下野怪,,,2,
244,文豪野犬 第五季,,,2,
245,辉夜大小姐想让我告白 -究极浪漫- 中配版,,,2,
246,小绿和小蓝 第二季,2023,,2,
247,间谍过家家 中配版,,,2,
248,武林不二周刊,,,2,
249,时光代理人,,,2,
250,爱幽的密室,,,2,
251,电器少女,,,2,
252,食草老龙被冠以恶龙之名,,,2,
253,命运-奇异赝品 黎明低语,,,2,
254,总之就是非常可爱 第二季,,,2,
255,雾山五行,,,2,
256,鬼灭之刃 刀匠村篇,,,2,
257,机甲少女 FRAME ARMS GIRL,,,2,
258,男子高中生的日常 SP,,,2,
259,散华礼弥,,,2,
260,美妙射击部,,,2,
261,博人传 火影忍者新时代,,,2,
262,GJ部@,,,2,
263,GJ部,,,2,
264,高分少女 第二季,,,2,
265,女武神的餐桌 第二季,,,2,
266,黄金庭院：冬日里的新年愿望,,,2,
267,女武神的餐桌,,,2,
268,人偶学园,,,2,
269,圣诞之吻SS+ SP,,,2,
270,圣诞之吻SS+ plus,,,2,
271,在魔王城说晚安,,,2,
272,魔法少女小圆 剧场版 [后篇] 永远的物语,,,2,
273,魔法少女小圆 剧场版 [前篇] 起始的物语,,,2,
274,我们仍未知道那天所看见的花的名字。 剧场版,,,2,
275,夏目友人帐 唤石者与怪异的访客（中配）,,,2,
276,长门有希酱的消失 OAD,,,2,
277,长门有希酱的消失,,,2,
278,凉宫春日的消失,,,2,
279,小凉宫春日的忧郁,,,2,
280,大雪海的卡纳,,,2,
281,外之国的少女,,,2,
282,乒乓,,,2,
283,吹响吧！上低音号～想要传达的旋律～,,,2,
284,吹响吧！上低音号～欢迎来到北宇治高中吹奏乐部～,,,2,
285,国王排名 勇气的宝箱,,,2,
286,ALDNOAH.ZERO 第二季,,,2,
287,ALDNOAH.ZERO,,,2,
288,成龙历险记 中文配音,,,2,
289,天真与闪电,,,2,
290,四叠半神话大系,,,2,
291,命运之夜——天之杯Ⅲ：春之歌,,,2,
292,因为太怕痛就全点防御力了 第二季,,,2,
293,请吃红小豆吧！第0.5季,,,2,
294,神在月的孩子,,,2,
295,Thunderbolt Fantasy 东离剑游纪2,,,2,
296,Thunderbolt Fantasy 东离剑游纪 生死一剑,,,2,
297,Thunderbolt Fantasy 东离剑游纪,,,2,
298,Thunderbolt Fantasy 东离剑游纪 西幽玹歌,,,2,
299,降世神通 第三季 中文配音,,,2,
300,降世神通 第二季 中文配音,,,2,
301,降世神通 第一季 中文配音,,,2,
302,致不灭的你 第二季,,,2,
303,命运-冠位指定 -神圣圆桌领域卡美洛- 后篇 圣骑士银之臂,,,2,
304,命运-冠位指定 -神圣圆桌领域卡美洛- 前篇 漂泊的银之臂,,,2,
305,绯弹的亚里亚 第一季 OVA,,,2,
306,白兔糖 特典,,,2,
307,大正少女御伽话,,,2,
308,白兔糖,,,2,
309,学战都市Asterisk 第二季,,,2,
310,ENDRO~!,,,2,
311,街角魔族 第二季,,,2,
312,目隐都市的演绎者,,,2,
313,街角魔族,,,2,
314,文豪野犬 汪！,,,2,
315,萌单,,,2,
316,鲤氏侦探事务所 中配版,,,2,
317,轮回的拉格朗日 第二季,,,2,
318,虚构推理 第二季,,,2,
319,神的记事本,,,2,
320,轮回的拉格朗日,,,2,
321,宣告黎明的露之歌,,,2,
322,装甲重拳/MEGALOBOX,,,2,
323,装甲重拳/MEGALOBOX 第二季,,,2,
324,枪神剧场版,,,2,
325,两不疑 第二季,,,2,
326,鸦KARAS,,,2,
327,天元突破红莲螺岩,,,2,
328,To Heart 回忆永恒,,,2,
329,冰海战记,,,2,
330,心之彼端2 迷宫旅行者,,,2,
331,心之彼端2 Adnext,,,2,
332,心之彼端2 Adplus,,,2,
333,心之彼端2 Another Day,,,2,
334,心之彼端2 OVA,,,2,
335,春宵苦短，少女前进吧,,,2,
336,四叠半时光机布鲁斯,,,2,
337,轮回的拉格朗日 鸭川日常,,,2,
338,龙娘七七七埋藏的宝藏,,,2,
339,蓝色时期,,,3,
340,凹凸世界 第三季,,,2,
341,全部成为F -THE PERFECT INSIDER-,,,2,
342,思维覆写,,,2,
343,铁腕巴迪 DECODE 第二季,,,2,
344,学战都市Asterisk,,,2,
345,辉夜大小姐想让我告白 剧场版,,,2,
346,巴哈姆特之怒 GENESIS,,,2,
347,铁腕巴迪 DECODE,,,2,
348,青之文学,,,2,
349,最后的召唤师,,,2,
350,百武装战记,,,2,
351,忧国的莫里亚蒂 后半,,,2,
352,忧国的莫里亚蒂,,,2,
353,文豪野犬 第四季,,,2,
354,雏子的笔记,,,2,
355,漂流家园,,,2,
356,奇幻世界舅舅,,,2,
357,紫罗兰永恒花园 中配版,,,2,
358,路人超能100 III(灵能百分百 第三季),,,2,
359,三体,,,2,
360,黑执事,,,2,
361,黑执事II,,,2,
362,我家大师兄有点靠谱,2023,,2,
363,请吃红小豆吧！ 第四季,,,2,
364,黑门,,,2,
365,靠你啦！战神系统,,,2,
366,无限世界,,,2,
367,元龙 第三季,,,2,
368,中医故事,,,2,
369,伍六七之暗影宿命,,,2,
370,JOJO的奇妙冒险 石之海,,,2,
371,喂，看见耳朵啦 第二季,,,2,
372,0号宿舍,,,2,
373,H2O 赤砂的印记,,,2,
374,绯弹的亚里亚 AA,,,2,
375,CAROLE & TUESDAY,,,2,
376,喂，看见耳朵啦,,,2,
377,我开动物园那些年,,,2,
378,间谍过家家,,,2,
379,樱子小姐的脚下埋着秘密,,,2,
380,悠久之翼2,,,2,
381,间谍过家家 粤配版,,,2,
382,没出息的阴阳师一家3,,,2,
383,没出息的阴阳师一家2,,,2,
384,没出息的阴阳师一家,,,2,
385,伽利略少女,,,2,
386,泡泡,,,2,
387,酷爱电影的庞波小姐,,,2,
388,中国奇谭,,,2,
389,孤独摇滚！,,,2,
390,瓦尼塔斯的手记,,,2,
391,处刑少女的生存之道,,,2,
392,里亚德录大地,,,2,
393,文豪野犬?第三季,,,2,
394,地缚少年花子君,,,2,
395,EVA 新世纪福音战士剧场版：Air / 真心为你,,,2,
396,EVA 新世纪福音战士,,,2,
397,悠哉日常大王 Repeat OAD,,,2,
398,剧场版 悠哉日常大王 Vacation,,,2,
399,绽放的阿尔斯诺特利亚,,,2,
400,创之界限,,,2,
401,龙王的工作！,,,2,
402,辉夜大小姐想让我告白？ 中配版,,,2,
403,辉夜大小姐想让我告白 中配版,,,2,
404,请吃红小豆吧！ 第三季,,,2,
405,悠久之翼,,,2,
406,圣诞之吻SS,,,2,
407,绯弹的亚里亚,,,2,
408,奇巧出租车,,,2,
409,苍之彼方的四重奏,,,2,
410,请吃红小豆吧！外传 莫相忘,,,2,
411,仙王的日常生活 第三季,,,2,
412,请吃红小豆吧！第二季,,,2,
413,理科生坠入情网，故尝试证明。 第二季 中配版,,,2,
414,明日方舟：黎明前奏 中配版,2023,,2,
415,莉可丽丝,2022,,2,
416,灼眼的夏娜 OVA 恋爱与温泉的校外学习！,,,2,
417,这个美术社大有问题！,2022,,2,
418,属性咖啡厅,2023,,2,
419,灼眼的夏娜,,,2,
420,绝顶,2023,,2,
421,魔笛MAGI 辛巴达的冒险,,,2,
422,霹雳英雄战纪之刀说异数（普通话）,,,2,
423,心之彼端2,,,2,
424,鬼平,,,2,
425,魔笛MAGI 第二季,,,2,
426,新围棋少年,2023,,2,
427,约定的梦幻岛 粤配版,,,2,
428,幸运星,,,3,
429,恋爱随意链接,,,3,
430,死神少爷与黑女仆,2022,,2,
431,NEKOPARA EXTRA 小猫篇（猫娘乐园）,,,2,
432,魔笛MAGI,,,2,
433,寻找失去的未来,,,2,
434,夏日重现,2022,,2,
435,记录的地平线 圆桌崩坏,2022,,2,
436,记录的地平线 第二季,2022,,2,
437,记录的地平线,2022,,2,
438,虫师 续章 铃之雫,,,2,
439,机器人笔记,,,2,
440,弹丸论破3 -绝望篇-,,,2,
441,弹丸论破3 -未来篇-,,,2,
442,超级弹丸论破2.5 狛枝凪斗与世界的破坏者,,,2,
443,弹丸论破,,,2,
444,鬼灭之刃 无限列车篇 中配版,,,2,
445,小木乃伊到我家,,,2,
446,3月的狮子 第二季,,,2,
447,幻界战线 & BEYOND,2023,,2,
448,幻界战线,2023,,2,
449,命运-冠位指定 冠位时间神殿所罗门,,,2,
450,格莱普尼尔,2023,,2,
451,3月的狮子,,,2,
452,全员恶玉,,,2,
453,Ｄｒ．ＳＴＯＮＥ 石纪元 特别篇：龙水,2022,,2,
454,萌妻食神,,,2,
455,Concrete Revolutio 超人幻想 第二季,,,2,
456,请问您今天要来点兔子吗？？,,,2,
457,Concrete Revolutio 超人幻想 第一季,,,2,
458,岸边露伴 一动也不动,,,2,
459,JOJO的奇妙冒险 黄金之风,,,2,
460,JOJO的奇妙冒险 不灭钻石,,,2,
461,凉宫春日的忧郁 2009,,,2,
462,凉宫春日的忧郁 2006,,,2,
463,JOJO的奇妙冒险 星尘远征军 埃及篇,,,2,
464,JOJO的奇妙冒险 星尘远征军,,,2,
465,在盛夏等待,,,2,
466,汉化日记 第三季,,,2,
467,百妖谱·京师篇,2022,,2,
468,我们无法一起学习！,,,2,
469,这爱情有点奇怪,,,2,
470,指名！,,,1,
471,虫师,,,2,
472,归宅部活动记录,,,2,
473,终结的炽天使 名古屋决战篇,2018,,2,
474,终结的炽天使,2018,,2,
475,小森同学拒绝不了！,2023,,2,
476,学园孤岛,2022,,2,
477,邻座的怪同学,2022,,2,
478,魁拔妖侠传,2018,,2,
479,邻座的怪同学 OAD,2022,,2,
480,君吻Pure Rouge,2022,,2,
481,小魔女学园 TV版,2022,,2,
482,式守同学不只可爱而已,2022,,2,
483,强风吹拂,2023,,2,
484,命运-冠位指定 绝对魔兽战线 巴比伦尼亚,,,2,
485,小魔女学园,2022,,2,
486,蔚蓝反射 澪,2023,,2,
487,白沙的水族馆,2022,,2,
488,魔法使黎明期,,,2,
489,我们无法一起学习,2022,,2,
490,公主连结 与你重逢 第二季,,,2,
491,魔法纪录 魔法少女小圆外传 第二季,,,2,
492,魔法纪录 魔法少女小圆外传,,,2,
493,白色相簿 下半篇章,2022,,2,
494,白色相簿 上半篇章,2022,,2,
495,少女☆歌剧 Revue Starlight,,,2,
496,LOST SONG 失落的歌谣,,,2,
497,暂停！让我查攻略,2022,,2,
498,Love Live！虹咲学园学园偶像同好会,,,2,
499,生日乐园,,,2,
500,开挂药师的奇幻世界悠闲生活,,,2,
501,宿命回响：命运节拍,2022,,2,
502,转生成为了只有乙女游戏破灭Flag的邪恶大小姐 第二季,,,2,
503,来自深渊 深沉灵魂的黎明,2022,,2,
504,来自深渊 剧场版总集篇,2022,,2,
505,盾之勇者成名录 第二季,2023,,2,
506,盾之勇者成名录,2023,,2,
507,请问您今天要来点兔子吗？,,,2,
508,无能力者娜娜,,,2,
509,君主·埃尔梅罗二世事件簿 魔眼收集列车 Grace note,2019,,2,
510,失忆症 SP,,,2,
511,失忆症,,,2,
512,碧蓝航线,,,2,
513,工作细胞BLACK,,,2,
514,碧蓝航线：微速前行！,,,2,
515,JOJO的奇妙冒险,,,2,
516,秘密内幕 女警的反击,,,2,
517,一个人的〇〇小日子,,,2,
518,OVERLORD Ⅱ,,,2,
519,吹响吧！上低音号～誓言的终章～,,,2,
520,旅街LateShow,,,2,
521,此花亭奇谭（中配）,,,2,
522,剧场版总集篇 OVERLORD 不死者之王,,,2,
523,剧场版总集篇 OVERLORD 漆黑的英雄,,,2,
524,OVERLORD SP,,,2,
525,辉夜大小姐想让我告白 -究极浪漫-,,,2,
526,你是彼方,,,2,
527,理科生坠入情网，故尝试证明。 中配版,,,2,
528,少女编号,,,2,
529,齐木楠雄的灾难 完结篇,,,2,
530,齐木楠雄的灾难 始动篇,,,2,
531,齐木楠雄的灾难 第二季,,,2,
532,奇诺之旅 疾病之国 -For You-,2022,,2,
533,奇诺之旅 塔之国 -Free Lance-,2022,,2,
534,奇诺之旅 活着的目标 -life goes on.-,2022,,2,
535,奇诺之旅（2017）,2022,,2,
536,约会大作战 第四季,,,2,
537,玉子爱情故事,,,2,
538,SOLA,,,2,
539,时空之隙,2023,,2,
540,围棋少年,2021,,2,
541,颠倒的帕特玛,,,2,
542,少年歌行 风花雪月篇,,,2,
543,学园偶像?阳光!! 第二季,,,2,
544,夏日幻魂,,,2,
545,鬼灭之刃 游郭篇,,,2,
546,龙蛇演义,,,2,
547,学园偶像?阳光!!,,,2,
548,虹猫蓝兔勇者归来,,,2,
549,Anne Happy,,,2,
550,死灵编码,,,2,
551,千从狩,2022,,2,
552,URARA迷路帖,,,2,
553,纯情房东俏房客 Again,,,2,
554,虹猫蓝兔光明剑,,,2,
555,Love Live! School Idol Project（第二季）,,,2,
556,望古神话之天选者,,,2,
557,记忆沉睡的孩子 奔向天空的摇篮,,,2,
558,国王排名,2022,,2,
559,Love Live! School Idol Project,,,2,
560,校园理想乡 学美向前冲！,2022,,2,
561,小林家的龙女仆 第二季,,,2,
562,电波女与青春男,,,2,
563,一起一起这里那里,,,2,
564,阳光中的青时雨,,,2,
565,来自风平浪静的明天,,,2,
566,恋爱小行星,,,3,
567,一周的朋友。,,,2,
568,宝石之国,2022,,2,
569,樱花任务,2023,,2,
570,SSSS.电光机王,2023,,2,
571,重启咲良田,2022,,2,
572,天使降临到我身边,,,2,
573,吹响吧！上低音号 第二季,,,2,
574,我女友与青梅竹马的惨烈修罗场,2022,,2,
575,吹响吧！上低音号,,,2,
576,奇蛋物语 / WONDER EGG PRIORITY,,,2,
577,女高中生的虚度日常,,,2,
578,神之塔,,,2,
579,比宇宙更远的地方,,,2,
580,男子高中生的日常,,,2,
581,路人超能100 REIGEN～不为人知的奇迹灵能者～（OVA）,,,2,
582,路人超能100 第一次灵能咨询所员工旅游～舒缓心灵的疗愈之旅~（OVA2）,,,2,
583,飞翔的魔女 小剧场,,,2,
584,飞翔的魔女,,,2,
585,路人超能100 II(灵能百分百 第二季),,,2,
586,秋之回忆5 中断的胶片,,,2,
587,秋之回忆 OVA,,,2,
588,邻家索菲,,,2,
589,幻想嘉年华 Special Season,,,2,
590,幻想嘉年华 EX Season,,,2,
591,幻想嘉年华,,,2,
592,约定的梦幻岛 第二季,,,2,
593,约定的梦幻岛,,,2,
594,逆光之颤,,,2,
595,我们仍未知道那天所看见的花的名字。,,,2,
596,Fate/kaleid liner 魔法少女☆伊莉雅：雪下的誓言,2019,,2,
597,Fate/kaleid liner 魔法少女☆伊莉雅 Prisma☆Phantasm,2019,,2,
598,平家物语,,,2,
599,秒速五厘米,2022,,2,
600,玻璃之花与崩坏的世界,,,2,
601,命运-冠位指定 -月光／失落之室-,2019,,2,
602,天降之物Final 我永远的鸟笼,,,2,
603,萤火之森,,,2,
604,川柳少女,,,2,
605,碧蓝之海,,,2,
606,镜花缘,,,2,
607,有顶天家族,2022,,2,
608,历物语,,,2,
609,终物语 下,,,2,
610,来自新世界,2022,,2,
611,终物语,,,2,
612,关于前辈很烦人的事,,,2,
613,大话之少年游,,,2,
614,工作细胞 第二季,,,2,
615,珈百璃的堕落,,,2,
616,Hand Shakers,,,2,
617,未确认进行式 OVA,,,2,
618,未确认进行式 OAD,,,2,
619,未确认进行式,,,2,
620,无论何时我们的恋情都是10厘米。～告白实行委员会～,,,2,
621,真实之泪,2021,,2,
622,键等学园/键等,2021,,2,
623,玉子市场,,,2,
624,一杆青空,,,2,
625,鬼灭之刃 无限列车篇,,,2,
626,我，不是说了能力要平均值么！,,,2,
627,圣女魔力无所不能,,,2,
628,阿茹茉妮,,,2,
629,Fate/Grand Order ‐First Order‐,2019,,2,
630,命运-冠位嘉年华,2019,,2,
631,人类衰退之后,,,2,
632,牵牛花与加濑同学。,,,2,
633,告白实行委员会 我于此刻恋上你,,,2,
634,侦探已死,,,2,
635,告白实行委员会 嫉忌的答复,,,2,
636,这个勇者明明超强却过分慎重,,,2,
637,云之彼端，约定的地方,,,2,
638,珈百璃的堕落 SP,,,2,
639,热诚传说 第二季,2017,,2,
640,告白实行委员会 告白预演,,,2,
641,东之伊甸II -Paradise Lost,,,2,
642,东之伊甸I -The King of Eden,,,2,
643,冬季花园,,,2,
644,隐瞒之事 电影剪辑版,,,2,
645,剑网3·侠肝义胆沈剑心 第二季,2022,,2,
646,少年锦衣卫,2017,,2,
647,喜欢上你的那个瞬间。～告白实行委员会～,,,2,
648,电影版 境界的彼方未来篇,,,2,
649,电影版 境界的彼方过去篇,,,2,
650,超能力女儿,,,2,
651,从很久以前就喜欢你了。～告白实行委员会～,,,2,
652,男孩遇见女孩,,,2,
653,东之伊甸,,,2,
654,路人超能100(灵能百分百),,,2,
655,浪客剑心 新京都篇,,,2,
656,浪客剑心 星霜篇,,,2,
657,浪客剑心 追忆篇,,,2,
658,拾忆长安·明月几时有 第二季,,,2,
659,仙王的日常生活 第二季,,,2,
660,浪客剑心 （中配）,,,2,
661,轻音少女 剧场版,,,2,
662,拾忆长安·明月几时有,,,2,
663,她和她的猫,,,2,
664,我被逐出队伍后过上慢生活,,,2,
665,天宝伏妖录 第二季,,,2,
666,定海浮生录,,,2,
667,烈火浇愁,2022,,2,
668,境界的彼方,,,2,
669,追梦者,,,2,
670,One Room 第二季,,,2,
671,One Room 第三季,,,2,
672,One Room,,,2,
673,轻音少女 第二季,2021,,2,
674,LoveLive 爱与演唱会!超级明星!!,,,2,
675,Just Because!,2019,,2,
676,打了300年的史莱姆，不知不觉就练到了满级,,,2,
677,极主夫道,2021,,2,
678,致不灭的你,,,2,
679,公主连结Re:Dive,,,2,
680,魔女之旅,,,2,
681,少女终末旅行,,,2,
682,约会大作战,,,2,
683,约会大作战 第三季,,,2,
684,约战狂三外传,,,2,
685,约会大作战 万由里裁决,,,2,
686,九色鹿,,,2,
687,残次品·放逐星空,,,2,
688,知晓天空之蓝的人啊,,,2,
689,两不疑,,,2,
690,紫罗兰永恒花园,,,2,
691,剧场版 中二病也要谈恋爱！ -Take On Me-,,,2,
692,中二病也要谈恋爱！Lite,,,2,
693,中二病也要谈恋爱！恋,,,2,
694,中二病也要谈恋爱！,,Jun-25,2,
695,中二病也要谈恋爱！恋 SP,,,2,
696,DEPTH OF FIELD ～ 爱与憎恨的剧场,,,2,
697,中二病也要谈恋爱！恋 Lite,,,2,
698,赛马娘 第二季,,,2,
699,Love Live! 学园偶像 电影,,,2,
700,赛马娘,,,2,
701,伍六七,2018,,2,
702,心灵想要大声呼喊,,,2,
703,人类衰退之后 SP,,,2,
704,百妖谱 第二季,,,2,
705,元龙 第二季,,,2,
706,漂流少年,2021,,2,
707,我们的重制人生,2021,,2,
708,关于我转生变成史莱姆这档事 第二季,,,2,
709,TARI TARI,2021,,2,
710,TARI TARI OVA,2021,,2,
711,花开伊吕波 Home Sweet Home,2021,,2,
712,花开伊吕波,2021,,2,
713,喜欢本大爷的竟然就你一个？,,,2,
714,不正经的魔术讲师与禁忌教典,,,2,
715,只有我不存在的城市,,,2,
716,月色真美,2019,,2,
717,月色真美 SP,2019,,2,
718,星之梦～雪圈球～,,,2,
719,辉夜大小姐想让我告白？～天才们的恋爱头脑战～,,,2,
720,魔法少女小圆 剧场版 [新篇] 叛逆的物语,,,2,
721,辉夜大小姐想让我告白～天才们的恋爱头脑战～,,,2,
722,龙与虎,,,2,
723,总之就是非常可爱,,,2,
724,四月是你的谎言,,,2,
725,四月是你的谎言 OAD,,,2,
726,Stories?of?Last?Letter,,,2,
727,转生成蜘蛛又怎样！,,,2,
728,Angel Beats!,,,2,
729,星之梦～星之人～,,,2,
730,星之梦,,,2,
731,薇薇 -萤石眼之歌-,,,2,
732,刀剑神域 Extra Edition,2023,Jun-25,2,
733,刀剑神域 爱丽丝篇 异界战争 -终章-,2023,Jun-25,2,
734,刀剑神域 爱丽丝篇 异界战争,2023,Jun-25,2,
735,刀剑神域 Alicization,2023,Jun-25,2,
736,刀剑神域,2023,Jun-25,2,
737,卫宫家今天的饭,,,2,
738,Little Busters! EX,,,2,
739,Little Busters!,,,2,
740,虹猫仗剑走天涯,,,2,
741,魔法少女☆伊莉雅 2WEI!,2019,,2,
742,魔法少女☆伊莉雅 2wei Herz! SP,2019,,2,
743,魔法少女☆伊莉雅 OVA,2019,,2,
744,魔法少女☆伊莉雅 3REI!!,2019,,2,
745,言叶之庭,,,2,
746,命运石之门 聪明睿智的认知计算,2021,,2,
747,命运石之门 境界面上的迷失之链,2021,,2,
748,命运石之门 负荷领域的既视感,2021,,2,
749,关于我转生变成史莱姆这档事 转生史莱姆日记,,,2,
750,虹猫蓝兔七侠传,,,2,
751,虹猫蓝兔阿木星,,,2,
752,镇魂街 第二季,,,2,
753,万国志,,,2,
754,弱势角色友崎君,,,2,
755,齐木楠雄的灾难,,,2,
756,齐木楠雄的灾难（日播&精选版）,,,2,
757,夏目友人帐 唤石者与怪异的访客,,,2,
758,秘宝之国,,,2,
759,龙骑侍 普通话版,,,2,
760,好比是最终迷宫前的少年到新手村生活一般的故事,,,2,
761,罪恶王冠 失落的圣诞节 an episode of port town,2019,,2,
762,罪恶王冠,2019,,2,
763,罪恶王冠 SP,2019,,2,
764,咒术回战,,,2,
765,怪物事变,,,2,
766,鬼灭之刃,,,2,
767,天宝伏妖录,2020,,2,
768,鬼灭之刃 中配版,,,2,
769,Rewrite 2nd Season,2021,,2,
770,KANON / 雪之少女（京都版）,2021,,2,
771,Rewrite,2021,,2,
772,我的三体之章北海传,,,2,
773,我的三体之罗辑传,,,2,
774,我的三体,,,2,
775,AIR,2021,,2,
776,CLANNAD 另一个世界 智代篇,2021,,2,
777,CLANNAD ～AFTER STORY～另一个世界 杏篇,2021,,2,
778,伍六七之玄武国篇,2021,,2,
779,花果山传,,,2,
780,某科学的超电磁炮S,2021,Jun-25,2,
781,魔法禁书目录 第三季,2021,,2,
782,魔法禁书目录 剧场版,2021,,2,
783,魔法禁书目录 炭,2021,,2,
784,剧场版 魔法禁书目录炭 SP,2021,,2,
785,魔法禁书目录 第二季,,,2,
786,某科学的超电磁炮,2021,Jun-25,2,
787,某科学的一方通行,2021,,2,
788,Ｄｒ．ＳＴＯＮＥ 石纪元 (第二季),2022,,2,
789,剑网3·侠肝义胆沈剑心之长漂,,,2,
790,魔法禁书目录 第一季,2021,,2,
791,Re：从零开始的异世界生活 第二季 后半,,,2,
792,昨日之歌,,,2,
793,青春之旅 OAD,,,2,
794,青春之旅,,,2,
795,月刊少女野崎君,,,2,
796,路人女主的养成方法 Fine,,,2,
797,路人女主的养成方法 ?,,,2,
798,路人女主的养成方法,,,2,
799,秦侠,,,2,
800,我的青春恋爱物语果然有问题。完,2019,,2,
801,我的青春恋爱物语果然有问题 续 OVA,2019,,2,
802,我的青春恋爱物语果然有问题。 第一季 OVA,2019,,2,
803,我的青春恋爱物语果然有问题。续,2019,,2,
804,我的青春恋爱物语果然有问题。,2019,,2,
805,天官赐福,,,2,
806,五等分的新娘,,,2,
807,青春猪头少年不会梦到怀梦美少女,,,2,
808,Ｄｒ．ＳＴＯＮＥ 石纪元,,,2,
809,夏目友人帐 第三季,,,2,
810,夏目友人帐 第六季,,,2,
811,夏目友人帐 OVA,,,2,
812,夏目友人帐 第五季,,,2,
813,夏目友人帐 第五季 特别篇,,,2,
814,夏目友人帐 第四季,,,2,
815,房东青春期！,,,2,
816,夏目友人帐 第二季,,,2,
817,夏目友人帐,,,2,
818,异度侵入 ID:INVADED,,,2,
819,因为太怕痛就全点防御力了,,,2,
820,芯觉,,,2,
821,转生成为了只有乙女游戏破灭Flag的邪恶大小姐,,,2,
822,元龙,,,2,
823,Comic Girls,,,2,
824,我的妹妹不可能那么可爱 第二季,2019,,2,
825,我的妹妹不可能那么可爱 第一季,2019,,2,
826,冰菓,2019,Jun-25,2,
827,青春猪头少年不会梦到兔女郎学姐,2019,,2,
828,虚构推理,,Jun-25,2,
829,Re：从零开始的异世界生活 第二季 前半,,,2,
830,Re：从零开始休息时间,,,2,
831,Re：从零开始的异世界生活 冰结之绊,,,2,
832,Re：从零开始的异世界生活 Memory Snow(雪之回忆),,,2,
833,Re：从零开始的异世界生活 新编集版,,,2,
834,贤者之孙,,,2,
835,被神捡到的男人,,,2,
836,Charlotte SP,,,2,
837,笨女孩,,,2,
838,关于我转生变成史莱姆这档事,,,2,
839,Charlotte,,,2,
840,十万个冷笑话 第二季,2018,,2,
841,一人之下 第二季,,,2,
842,凹凸世界 第二季,,,2,
843,Fate/Apocrypha,2019,,2,
844,妖神记,,,2,
845,Re：创造主,2019,,2,
846,从前有座灵剑山 第二季,2019,,2,
847,银之守墓人,2017,,2,
848,阿拉德：宿命之门,2017,,2,
849,黑白来看守所 第二季,2017,,2,
850,小林家的龙女仆,,,2,
851,ReLIFE,2017,,2,
852,堀桑与宫村君,,,2,
853,镇魂街 第一季,,,2,
854,怪医黑杰克剧场版之超人类,,,2,
855,大理寺日志,,,2,
856,Fate/stay night UNLIMITED BLADE WORKS,2018,,2,
857,NARUTO to BORUTO THE LIVE 2019,,,2,
858,妖神记之黑狱篇,,,2,
859,伍六七之最强发型师,,,2,
860,汉化日记,,,2,
861,仙王的日常生活,,,2,
862,百妖谱,,,2,
863,领风者,,,2,
864,多罗罗,,,2,
865,命运之夜??06版,,,2,
866,我家大师兄脑子有坑 特别篇,2019,,2,
867,工作细胞,,,2,
868,ISLAND,,,2,
869,ReLIFE 完结篇,,,2,
870,万界仙踪,,,2,
871,NO GAME NO LIFE 游戏人生,,,2,
872,青之驱魔师,2014,,2,
873,Fate/Zero 第二季,2019,,2,
874,十万个冷笑话 第一季,,,2,
875,血色苍穹（下篇）,,,2,
876,少年锦衣卫 第二季,,,2,
877,干物妹！小埋R,2017,,2,
878,食神魂 第二季,,,2,
879,黑白无双 第二季,,,2,
880,拳皇命运,2017,,2,
881,欢迎来到实力至上主义的教室,,,2,
882,我家业主会作妖,2017,,2,
883,寻师伏魔录 第二季,,,2,
884,食神魂,,,2,
885,国民老公带回家 第二季,2017,,2,
886,青之驱魔师 OAD,,,2,
887,开封奇谈-这个包公不太行,,,2,
888,快把我哥带走,,,2,
889,埃罗芒阿老师,2017,,2,
890,寻师伏魔录,,,2,
891,天下第几,2017,,2,
892,斗破苍穹 Q版小剧场,,,2,
893,全职法师Q版小剧场,,,2,
894,国民老公带回家,2015,,2,
895,妖怪名单 第二季,2017,,2,
896,择天记 第二季,2017,,2,
897,血色苍穹（上篇）,,,2,
898,时空使徒 中文版,2016,,2,
899,一课一练 中文版,,,2,
900,黑白来看守所,2016,,2,
901,超神学院之黑甲,,,2,
902,一人之下,,,2,
903,怪医黑杰克21,2014,2025/7/11,2,
904,勇者大冒险 番外篇,2017,,2,
905,农业娘,,,2,
906,拜托了 爱因兹贝伦咨询室,,,2,
907,史上最强弟子兼一 OVA,2014,,2,
908,双月之城,,,2,
909,青之驱魔师 剧场版,2014,,2,
910,勇者大冒险 第二季,2017,,2,
911,在下坂本，有何贵干？,,,2,
912,干物妹！小埋 OVA,2017,,2,
913,黑白无双,,,2,
914,凹凸世界 第一季,,,2,
915,从前有座灵剑山,2017,,2,
916,Fate/stay night [Unlimited Blade Works] 特典,2019,,2,
917,怪医黑杰克 OVA（1993）,2014,,2,
918,青年黑杰克,2014,,2,
919,干物妹！小埋,2017,,2,
920,勇者大冒险 第一季,2018,,2,
921,Angels of Death,,,2,
922,天才玩偶,,,2,
923,小绿和小蓝,2019,,2,
924,剑网3·侠肝义胆沈剑心,,,2,
925,我的逆天神器,2015,,2,
926,重神机潘多拉,2017,,2,
927,我家大师兄脑子有坑,2018,,2,
928,Fate/EXTRA Last Encore,2019,,2,
929,怪医黑杰克,2014,Jun-25,2,
930,王牌御史,2015,,2,
931,Fate/Zero 第一季,2017,,2,
932,Fate/stay night [Unlimited Blade Works] 第二季,2017,,2,
933,Fate/stay night [Unlimited Blade Works] 第一季,2017,,2,
934,怪医美女RAY,2015,,2,
935,幻界王,2015,,2,
936,徒然喜欢你,,,2,
937,我是江小白,,,2,
938,墓王之王 麒麟决,,,2,
939,我是江小白 第二季,,,2,
940,无聊诗社 第二季,,,2,
941,伪恋,,,2,
942,我家大师兄是个反派,2021,,2,
943,稻荷恋之歌,,,2,
944,请吃红小豆吧！,,,2,
945,少年歌行,,,2,
946,只有神知道的世界,,2025/8/13,,
